img,output,flag,username,timestamp
D:\Workspaces\python_streamlit\flagged\img\tmp_boz0lrg.png,,,,2022-09-08 11:08:20.411490
D:\Workspaces\python_streamlit\flagged\img\tmpi995yngk.png,,,,2022-09-08 11:08:20.896583
D:\Workspaces\python_streamlit\flagged\img\tmpuvuxeq76.png,,,,2022-09-08 11:08:21.249142
D:\Workspaces\python_streamlit\flagged\img\tmpq4roc87w.png,,,,2022-09-08 11:10:26.336203
D:\Workspaces\python_streamlit\flagged\img\tmpc8pfeorr.png,,,,2022-09-08 11:10:26.967570
D:\Workspaces\python_streamlit\flagged\img\tmpscklc90p.png,,,,2022-09-08 11:10:27.486847
D:\Workspaces\python_streamlit\flagged\img\tmpiztomhbe.png,,,,2022-09-08 11:10:27.680847
D:\Workspaces\python_streamlit\flagged\img\tmpcwbljhdi.png,,,,2022-09-08 11:10:27.873847
D:\Workspaces\python_streamlit\flagged\img\tmpfhxkd07b.png,,,,2022-09-08 11:10:28.039846
D:\Workspaces\python_streamlit\flagged\img\tmpz9tg5x2f.png,,,,2022-09-08 11:10:28.240217
3452345,Hello 3452345!,,,2022-09-08 11:14:39.203033
D:\Workspaces\python_streamlit\flagged\input_img\tmp36n_2qir.png,D:\Workspaces\python_streamlit\flagged\output\tmptlje0jdv.png,,,2022-09-08 11:19:45.909488
